-- phpMyAdmin SQL Dump
-- version 3.2.0.1
-- http://www.phpmyadmin.net
--
-- Host: localhost
-- Generation Time: Dec 16, 2011 at 05:38 PM
-- Server version: 5.1.36
-- PHP Version: 5.3.0

SET SQL_MODE="NO_AUTO_VALUE_ON_ZERO";


/*!40101 SET @OLD_CHARACTER_SET_CLIENT=@@CHARACTER_SET_CLIENT */;
/*!40101 SET @OLD_CHARACTER_SET_RESULTS=@@CHARACTER_SET_RESULTS */;
/*!40101 SET @OLD_COLLATION_CONNECTION=@@COLLATION_CONNECTION */;
/*!40101 SET NAMES utf8 */;

--
-- Database: 'db_musicbook'
--

-- --------------------------------------------------------

--
-- Table structure for table 'tbl_album'
--

CREATE TABLE tbl_album (
  album_id smallint(4) unsigned NOT NULL AUTO_INCREMENT,
  album_title varchar(100) NOT NULL,
  album_year varchar(5) NOT NULL,
  album_coverart varchar(100) NOT NULL,
  album_coverartthumb varchar(100) NOT NULL,
  artist_id smallint(4) unsigned NOT NULL,
  PRIMARY KEY (album_id)
) ENGINE=MyISAM  DEFAULT CHARSET=latin1;

--
-- Dumping data for table 'tbl_album'
--

INSERT INTO tbl_album (album_id, album_title, album_year, album_coverart, album_coverartthumb, artist_id) VALUES
(1, 'Please Please Me', '1963', 'pleaseme.jpg', 'pleaseme_th.jpg', 1),
(2, 'With The Beatles', '1963', 'withbeatles.jpg', 'withbeatles_th.jpg', 1),
(3, 'A Hard Day''s Night', '1964', 'harddaysnight.jpg', 'harddaysnight_th.jpg', 1),
(4, 'Beatles For Sale', '1964', 'beatlesforsale.jpg', 'beatlesforsale_th.jpg', 1),
(5, 'Help!', '1965', 'help.jpg', 'help_th.jpg', 1),
(6, 'Rubber Soul', '1965', 'rubbersoul.jpg', 'rubbersoul_th.jpg', 1),
(7, 'Revolver', '1966', 'revolver.jpg', 'revolver_th.jpg', 1),
(8, 'Sgt. Pepper''s Lonely Hearts Club Band', '1967', 'sgtpepper.jpg', 'sgtpepper_th.jpg', 1),
(9, 'The White Album', '1968', 'whitealbum.jpg', 'whitealbum_th.jpg', 1),
(10, 'Yellow Submarine', '1969', 'yellowsub.jpg', 'yellowsub_th.jpg', 1),
(11, 'Abbey Road', '1969', 'abbeyroad.jpg', 'abbeyroad_th.jpg', 1),
(12, 'Let It Be', '1970', 'letitbe.jpg', 'letitbe_th.jpg', 1),
(13, 'Can''t Take Me Home', '2000', 'canttakemehome.jpg', 'canttakemehome_th.jpg', 2),
(14, 'Missundaztood', '2001', 'missundaztood.jpg', 'missundaztood_th.jpg', 2),
(15, 'Try This', '2003', 'trythis.jpg', 'trythis_th.jpg', 2),
(16, 'I''m Not Dead', '2006', 'notdead.jpg', 'notdead_th.jpg', 2),
(17, 'Funhouse', '2008', 'funhouse.jpg', 'funhouse_th.jpg', 2),
(18, 'Three Days Grace', '2003', 'threedays.jpg', 'threedays_th.jpg', 3),
(19, 'One-X', '2006', 'onex.jpg', 'onex_th.jpg', 3),
(20, 'Life Starts Now', '2009', 'lifestartsnow.jpg', 'lifestartsnow_th.jpg', 3),
(21, 'PCD', '2005', 'pcd.jpg', 'pcd_th.jpg', 4),
(22, 'Doll Domination', '2008', 'dolldomination.jpg', 'dolldomination_th.jpg', 4),
(23, 'Bon Jovi', '1984', 'bonjovialbum.jpg', 'bonjovialbum_th.jpg', 5),
(24, '7800 Degrees Fahrenheit', '1985', '7800fahrenheit.jpg', '7800fahrenheit_th.jpg', 5),
(25, 'Slippery When Wet', '1986', 'slippery.jpg', 'slippery_th.jpg', 5),
(26, 'New Jersey', '1988', 'newjersey.jpg', 'newjersey_th.jpg', 5),
(27, 'Keep The Faith', '1992', 'keepfaith.jpg', 'keepfaith_th.jpg', 5),
(28, 'These Days', '1995', 'thesedays.jpg', 'thesedays_th.jpg', 5),
(29, 'Crush', '2000', 'crush.jpg', 'crush_th.jpg', 5),
(30, 'Bounce', '2002', 'bounce.jpg', 'bounce_th.jpg', 5),
(31, 'Have A Nice Day', '2005', 'niceday.jpg', 'niceday_th.jpg', 5),
(32, 'Lost Highway', '2007', 'losthighway.jpg', 'losthighway_th.jpg', 5),
(33, 'The Circle', '2009', 'circle.jpg', 'circle_th.jpg', 5),
(34, 'Blaze of Glory', '1990', 'blazeofglory.jpg', 'blazeofglory_th.jpg', 5),
(35, 'Destination Anywhere', '1997', 'destinationanywhere.jpg', 'destinationanywhere_th.jpg', 5),
(36, 'Hey Jude', '1970', 'heyjude.jpg', 'heyjude_th.jpg', 1);

-- --------------------------------------------------------

--
-- Table structure for table 'tbl_artists'
--

CREATE TABLE tbl_artists (
  artist_id smallint(4) unsigned NOT NULL AUTO_INCREMENT,
  artist_fname varchar(100) NOT NULL,
  artist_lname varchar(100) DEFAULT NULL,
  artist_bio text NOT NULL,
  artist_photo varchar(100) NOT NULL,
  artist_photolarge varchar(100) NOT NULL,
  artist_url varchar(200) NOT NULL,
  PRIMARY KEY (artist_id)
) ENGINE=MyISAM  DEFAULT CHARSET=latin1;

--
-- Dumping data for table 'tbl_artists'
--

INSERT INTO tbl_artists (artist_id, artist_fname, artist_lname, artist_bio, artist_photo, artist_photolarge, artist_url) VALUES
(1, 'The Beatles', NULL, 'Richard Starkey(Ringo Starr) July 7, 1940-<br />John Winston Lennon October 9, 1940-December 8, 1980<br />Sir James Paul McCartney June 18, 1942-<br />George Harrison February 25, 1943-<br /><br />The Beatles were a pop group that took the world by storm. Their music, clothing, and hairstyles changed the world of the young. They made their first single in 1962, their first album in 1963, their last record in 1969, and broke up in 1970.<br /><br />Even though the Beatles became famous in 1963, they started playing in Liverpool (where they grew up) in the late 50''s, when they were called the Quarrymen. The main line-up in 1958 was John Lennon, Paul McCartney, and George Harrison, all playing guitars. Lennon started the Quarrymen in 1957 after being impressed by Elvis Presley''s "Heartbreak Hotel". He invited McCartney to join in October of that year. Harrison joined in 1958. John''s friend from art college, Stuart Sutcliffe and drummer Pete Best joined in 1960.<br /><br />It was also in 1960 that the Quarrymen (now called the Sliver Beatles) toured Scotland. They changed their name again to the Beatles, and toured Hamburg, Germany. It was here that Stuart met his girlfriend, Astrid Kirrrrcherr. Astrid had influence on the Beatles, such as their famous mop-top hairstyles and their collarless suits. The hairstyle was created when Astrid brushed Stuart''s hair from the side with bangs in the front. She did this because she didn''t like Stuart''s teddy-boy hairstyle. When the other Beatles saw Stuart''s new hairstyle, they fell over laughing. But a few days later, George tried the new style, and eventually John and Paul. Pete was the only one that declined. Astrid made a collarless suit for Sutart, and she also made one for the other Beatles, but the seams popped when they sat down.<br /><br />When the Beatles came home from Hamburg, Stuart stayed behind with Astrid. Sadly, he died of a brain hemorrhage in 1962.The same year, Pate Best was kicked out of the group and Ringo Starr replaced him. Also, that year, they signed a recording contract with producer George Martin and made their first record, "Love Me Do".<br /><br />In 1963, the Beatles had their first number one: "Please Please Me". They toured all over England and also made their first foreign tour in Sweden in October of that year. They played for the royal family at the Prince of Wales Theatre on November 4, 1963. Also, in November 1963, they were becoming popular in America, which they had been trying to do for months.<br /><br />On February 7, 1964, the Beatles'' plane touched down at Kennedy International Airpart. Two days later, they made television history. Seventy-three million people watched the Beatles on the Ed Sullivan Sho, the record for largest viewing audience in America. On February 12, they performed at the Washington Coliseum. That year, they made their first movie, A Hard Day''s Night. The Beatles did their first world tour. People showed their love for the \\Beatles by buying records, clothing, posters, and other merchandise to do with the Beatles. The fans also showed their love by screaming at concerts, when they landed at airports, and wherever else they went. Boys copied their hairstyles and their clothing. This craze was called "Beatlemania". ', 'beatles.jpg', 'beatles_large.jpg', 'www.thebeatles.com'),
(2, 'P!nk', NULL, 'Alecia "Pink" Moore was born in Doylestown, Pennsylvania, and later raised in Philadelphia. Her parents, James and Judy Moore, divorced when she was very young. As a child, all Pink wanted out of life was to become a singer, and she was driven by the music of Madonna, Mary J. Blige, 4 Non Blondes, Janis Joplin, Billy Joel and Whitney Houston.<br /><br /> Pink was a very unique teenager, and went through phases as a skateboarder, hip-hopper and gymnast. She spent several years as part of the club scene in Philadelphia, singing guest spots and performing for talent shows. At the age of 13 she was asked by a local DJ to sing back-up for his rap group, Schools Of Thought. A short time later she was discovered by a record executive and joined a female R&B group. When that didn''t work out, she signed with LaFace Records and began her solo career.<br /><br /> In spring 2000 she released her debut, "Can''t Take Me Home". She co-wrote many songs and watched it go multi-platinum by the year''s end. Her debut included the Top 10 hit "There You Go", which was certified a gold single.', 'pink.jpg', 'pink_large.jpg', 'http://www.pinkspage.com/ca/home'),
(3, 'Three Days Grace', NULL, 'The members of Three Days Grace began bashing punk chords when they were in their teens, carving a derivative yet energetic sound that fueled their live performances.<br /><br />Three Days Grace was formed in Norwood, Ontario, Canada, in 1997 by Adam Gontier (vocals, guitar), Brad Walst (bass), and Neil Sanderson (drums). The group was originally called Groundswell, a five-piece that lasted from 1992 until transforming to a trio five years later. Gontier and Walst were raised in Norwood, and many of their songs were inspired by living in a place with a population of around 1,500. The bandmembers were still in high school when they had their first gig, and they performed anywhere that would accept them -- including opening for a movie. <br /><br />The band eventually relocated to Toronto and were introduced to producer Gavin Brown by their old manager. The band gave Brown a private set, and he selected what he felt were the most promising tracks. The group then produced a demo for EMI Music Publishing Canada. With Brown at the helm, they recorded "(I Hate) Everything About You." The tune got them a publishing deal with EMI, and they soon were signed to Jive after being courted by the company''s president. Brown and Three Days Grace were sent to a studio in Boston, MA, to start the group''s debut album.<br /><br />The band toured extensively behind the record for the next two years as both a support act and headliners, but after a while, life on the road left the band, especially Gontier, feeling isolated and alone. Consequently, this theme of disconnection -- coupled with the realization that one was in fact not alone -- would serve as the basis for their follow-up album. The album also marked the recorded debut of the band''s second guitarist, Barry Stock. ', 'threedaysgrace.jpg', 'threedaysgrace_large.jpg', 'http://www.threedaysgrace.com'),
(4, 'Pussycat Dolls', NULL, 'The Pussycat Dolls are an American pop girl group and dance ensemble based in Los Angeles. The Pussycat Dolls were founded by choreographer Robin Antin in 1995 as a burlesque troupe. After attracting national attention, the group signed a record deal with Interscope Records, with the original line-up comprising of members Nicole Scherzinger alongside Carmit Bachar, Melody Thornton, Jessica Sutta, Ashley Roberts and Kimberly Wyatt. Their debut album, PCD debuted at number five in the United States and produced six successful singles, including "Don''t Cha", "Buttons", and "Stickwitu", which earned the group a Grammy Award nomination.<br /><br />Following the departure of Bachar in February 2008, the group continued as a quintet. They released their second album Doll Domination in the same year, which spawned singles "When I Grow Up", "I Hate This Part" and "Jai Ho! (You Are My Destiny)". In early 2010, it was confirmed that Scherzinger, Sutta, Wyatt, Roberts, and Thornton had left the group to focus on their solo careers. Auditions are now being held by Robin Antin to recruit new members.<br /><br />In 2009, Billboard ranked the Pussycat Dolls as the 80th most successful musical act of the 2000s', 'pussycatdolls.jpg', 'pussycatdolls_large.jpg', 'http://www.pcdmusic.com/'),
(5, 'Bon Jovi', NULL, 'Jon Bon Jovi (born John Francis Bongiovi, Jr. March 2, 1962) is an American musician, singer, songwriter, and actor, best known as the founder, occasional rhythm guitarist, and lead singer of rock band Bon Jovi, which was named after him. Throughout his career, he has released two solo albums and eleven studio albums with his band, which to date have sold over 120 million albums worldwide. ?he band was declared the second richest band for 2011, behind U2, earning an approximate $125 million income.[1] In addition, Jon Bon Jovi is one of the majority-owners of the Philadelphia Soul, a team playing in the Arena Football League. In 2010, President Barack Obama named Jon Bon Jovi to the White House Council for Community Solutions.<br /><br />As a solo artist, Bon Jovi has received numerous awards for his work, including a Golden Globe and an Academy Award nomination for his solo hit, "Blaze of Glory". He was awarded an honorary Doctorate of Humanities from Monmouth University in 2001. He campaigned for Al Gore in the 2000 Presidential election, John Kerry in the 2004 Presidential election, and Barack Obama in the 2008 Presidential election.<br /><br />He was ranked 31st in the Hit Parader''s top Metal vocalists of All Time', 'bonjovi.jpg', 'bonjovi_large.jpg', 'www.bonjovi.com');

-- --------------------------------------------------------

--
-- Table structure for table 'tbl_friends'
--

CREATE TABLE tbl_friends (
  friend_id smallint(4) unsigned NOT NULL,
  user_id smallint(4) unsigned NOT NULL,
  KEY user_id (user_id)
) ENGINE=MyISAM DEFAULT CHARSET=latin1;

--
-- Dumping data for table 'tbl_friends'
--

INSERT INTO tbl_friends (friend_id, user_id) VALUES
(6, 1),
(2, 1),
(1, 9),
(10, 9),
(1, 5),
(10, 5),
(5, 6),
(8, 6),
(1, 12);

-- --------------------------------------------------------

--
-- Table structure for table 'tbl_members'
--

CREATE TABLE tbl_members (
  member_id smallint(4) unsigned NOT NULL AUTO_INCREMENT,
  member_fname varchar(30) NOT NULL,
  member_lname varchar(30) NOT NULL,
  member_username varchar(20) NOT NULL,
  member_password varchar(20) NOT NULL,
  member_gender varchar(6) NOT NULL,
  member_displaypic varchar(50) NOT NULL DEFAULT 'defaultpic_male.jpg',
  member_thumbpic varchar(50) NOT NULL DEFAULT 'defaultthumb_male.jpg',
  PRIMARY KEY (member_id)
) ENGINE=MyISAM  DEFAULT CHARSET=latin1;

--
-- Dumping data for table 'tbl_members'
--

INSERT INTO tbl_members (member_id, member_fname, member_lname, member_username, member_password, member_gender, member_displaypic, member_thumbpic) VALUES
(1, 'Arielle', 'LePage', 'alepage', 'awesome', 'female', 'profilepic_arielle.jpg', 'profilepic_arielle_th.jpg'),
(2, 'Kayla', 'McKinnon', 'shorty', 'purds', 'female', 'defaultpic_female.jpg', 'defaultthumb_female.jpg'),
(5, 'Sammy', 'Miller', 'samwise', 'gamgy', 'female', 'defaultpic_female.jpg', 'defaultthumb_female.jpg'),
(6, 'Eric', 'Nirta', 'babies', 'yababieseverywhere', 'male', 'defaultpic_male.jpg', 'defaultthumb_male.jpg'),
(7, 'Kenny', 'McKinnon', 'kenny', 'securityman', 'male', 'defaultpic_male.jpg', 'defaultthumb_male.jpg'),
(8, 'Mike', 'Gossman', 'javascriptguy', 'sosmart', 'male', 'defaultpic_male.jpg', 'defaultthumb_male.jpg'),
(9, 'Mike', 'Scott', 'tallmike', 'graphicdesign', 'male', 'defaultpic_male.jpg', 'defaultthumb_male.jpg'),
(10, 'Marvin', 'Sanchez', 'marvin', 'smart', 'male', 'defaultpic_male.jpg', 'defaultthumb_male.jpg'),
(12, 'Tyler', 'Wallis', 'tiger', 'walrus', 'male', 'defaultpic_male.jpg', 'defaultthumb_male.jpg');

-- --------------------------------------------------------

--
-- Table structure for table 'tbl_playlist'
--

CREATE TABLE tbl_playlist (
  member_id smallint(4) unsigned NOT NULL,
  song_id smallint(4) unsigned NOT NULL,
  artist_id smallint(4) unsigned NOT NULL
) ENGINE=MyISAM DEFAULT CHARSET=latin1;

--
-- Dumping data for table 'tbl_playlist'
--

INSERT INTO tbl_playlist (member_id, song_id, artist_id) VALUES
(1, 242, 2),
(1, 243, 2),
(1, 244, 2),
(1, 245, 2);

-- --------------------------------------------------------

--
-- Table structure for table 'tbl_songs'
--

CREATE TABLE tbl_songs (
  song_id smallint(4) unsigned NOT NULL AUTO_INCREMENT,
  album_id smallint(4) unsigned NOT NULL,
  artist_id smallint(4) unsigned NOT NULL,
  song_title varchar(100) NOT NULL,
  song_time varchar(100) NOT NULL,
  song_song varchar(100) NOT NULL,
  song_vocals varchar(100) DEFAULT NULL,
  PRIMARY KEY (song_id)
) ENGINE=MyISAM  DEFAULT CHARSET=latin1;

--
-- Dumping data for table 'tbl_songs'
--

INSERT INTO tbl_songs (song_id, album_id, artist_id, song_title, song_time, song_song, song_vocals) VALUES
(1, 1, 1, 'I Saw Her Standing There', '02:53', 'Kalimba.mp3', 'McCartney'),
(2, 1, 1, 'Misery', '04:00', '', 'Lennon and McCartney'),
(3, 1, 1, 'Anna (Go To Him)', '04:00', '', 'Lennon'),
(4, 1, 1, 'Chains', '04:00', '', 'Harrison'),
(5, 1, 1, 'Boys', '04:00', '', 'Starr'),
(6, 1, 1, 'Ask Me Why', '04:00', '', 'Lennon'),
(7, 1, 1, 'Please Please Me', '04:00', '', 'Lennon and McCartney'),
(8, 1, 1, 'Love Me Do', '04:00', '', 'McCartney and Lennon'),
(9, 1, 1, 'P.S. I Love You', '04:00', '', 'McCartney'),
(10, 1, 1, 'Baby It''s You', '04:00', '', 'Lennon'),
(11, 1, 1, 'Do You Want To Know A Secret', '04:00', '', 'Harrison'),
(12, 1, 1, 'A Taste Of Honey', '04:00', '', 'McCartney'),
(13, 1, 1, 'There''s A Place', '04:00', '', 'Lennon and McCartney'),
(14, 1, 1, 'Twist and Shout', '04:00', '', 'Lennon'),
(15, 2, 1, 'It Won''t Be Long', '04:00', '', 'Lennon'),
(16, 2, 1, 'All I''ve Got To Do', '04:00', '', 'Lennon'),
(17, 2, 1, 'All My Loving', '04:00', '', 'McCartney'),
(18, 2, 1, 'Don''t Bother Me', '04:00', '', 'Harrison'),
(19, 2, 1, 'Little Child', '04:00', '', 'Lennon'),
(20, 2, 1, 'Till There Was You', '04:00', '', 'McCartney'),
(21, 2, 1, 'Please Mr. Postman', '04:00', '', 'Lennon'),
(22, 2, 1, 'Roll Over Beethoven', '04:00', '', 'Harrison'),
(23, 2, 1, 'Hold Me Tight', '04:00', '', 'McCartney'),
(24, 2, 1, 'You Really Got a Hold on Me', '04:00', '', 'Lennon and Harrison'),
(25, 2, 1, 'I Wanna Be Your Man', '04:00', '', 'Starr'),
(26, 2, 1, 'Devil in Her Heart', '04:00', '', 'Harrison'),
(27, 2, 1, 'Not A Second Time', '04:00', '', 'Lennon'),
(28, 2, 1, 'Money (That''s What I Want)', '04:00', '', 'Lennon'),
(29, 3, 1, 'A Hard Day''s Night', '04:00', '', 'Lennon and McCartney'),
(30, 3, 1, 'I Should Have Known Better', '04:00', '', 'Lennon'),
(31, 3, 1, 'If I Fell', '04:00', '', 'Lennon and McCartney'),
(32, 3, 1, 'I''m Happy Just To Dance With You', '04:00', '', 'Harrison'),
(33, 3, 1, 'And I Love Her', '04:00', '', 'McCartney'),
(34, 3, 1, 'Tell Me Why', '04:00', '', 'Lennon'),
(35, 3, 1, 'Can''t Buy Me Love', '04:00', '', 'McCartney'),
(36, 3, 1, 'Any Time at All', '04:00', '', 'Lennon'),
(37, 3, 1, 'I''ll Cry Instead', '04:00', '', 'Lennon'),
(38, 3, 1, 'Things We Said Today', '04:00', '', 'McCartney'),
(39, 3, 1, 'When I Get Home', '04:00', '', 'Lennon'),
(40, 3, 1, 'You Can''t Do That', '04:00', '', 'Lennon'),
(41, 3, 1, 'I''ll Be Back', '04:00', '', 'Lennon and McCartney'),
(42, 4, 1, 'No Reply', '04:00', '', 'Lennon'),
(43, 4, 1, 'I''m A Loser', '04:00', '', 'Lennon'),
(44, 4, 1, 'Baby''s In Black', '04:00', '', 'Lennon and McCartney'),
(45, 4, 1, 'Rock and Roll Music', '04:00', '', 'Lennon'),
(46, 4, 1, 'I''ll Follow The Sun', '04:00', '', 'McCartney'),
(47, 4, 1, 'Mr. Moonlight', '04:00', '', 'Lennon'),
(48, 4, 1, 'Kansas City (Hey Hey Hey Hey!)', '04:00', '', 'McCartney'),
(49, 4, 1, 'Eight Days A Week', '04:00', '', 'Lennon and McCartney'),
(50, 4, 1, 'Words Of Love', '04:00', '', 'Lennon and McCartney'),
(51, 4, 1, 'Honey Don''t', '04:00', '', 'Starr'),
(52, 4, 1, 'Every Little Thing', '04:00', '', 'Lennon and McCartney'),
(53, 4, 1, 'I Don''t Want To Spoil The Party', '04:00', '', 'Lennon and McCartney'),
(54, 4, 1, 'What You''re Doing', '04:00', '', 'McCartney'),
(55, 4, 1, 'Everybody''s Trying to Be My Baby', '04:00', '', 'Harrison'),
(56, 5, 1, 'Help!', '04:00', '', 'Lennon'),
(57, 5, 1, 'The Night Before', '04:00', '', 'McCartney'),
(58, 5, 1, 'You''ve Got To Hide Your Love Away', '04:00', '', 'Lennon'),
(59, 5, 1, 'I Need You', '04:00', '', 'Harrison'),
(60, 5, 1, 'Another Girl', '04:00', '', 'McCartney'),
(61, 5, 1, 'You''re Going to Lose That Girl', '04:00', '', 'Lennon'),
(62, 5, 1, 'Ticket To Ride', '04:00', '', 'Lennon'),
(63, 5, 1, 'Act Naturally', '04:00', '', 'Starr'),
(64, 5, 1, 'It''s Only Love', '04:00', '', 'Lennon'),
(65, 5, 1, 'You Like Me Too Much', '04:00', '', 'Harrison'),
(66, 5, 1, 'Tell Me What You See', '04:00', '', 'McCartney'),
(67, 5, 1, 'I''ve Just Seen A Face', '04:00', '', 'McCartney'),
(68, 5, 1, 'Yesterday', '04:00', '', 'McCartney'),
(69, 5, 1, 'Dizzy Miss Lizzy', '04:00', '', 'Lennon'),
(70, 6, 1, 'Drive My Car', '04:00', '', 'McCartney'),
(71, 6, 1, 'Norwegian Wood (This Bird Has Flown)', '04:00', '', 'Lennon'),
(72, 6, 1, 'You Won''t See Me', '04:00', '', 'McCartney'),
(73, 6, 1, 'Nowhere Man', '04:00', '', 'Lennon, McCartney and Harrison'),
(74, 6, 1, 'Think For Yourself', '04:00', '', 'Harrison'),
(75, 6, 1, 'The Word', '04:00', '', 'Lennon, McCartney and Harrison'),
(76, 6, 1, 'Michelle', '04:00', '', 'McCartney'),
(77, 6, 1, 'What Goes On', '04:00', '', 'Starr'),
(78, 6, 1, 'Girl', '04:00', '', 'Lennon'),
(79, 6, 1, 'I''m Looking Through You', '04:00', '', 'McCartney'),
(80, 6, 1, 'In My Life', '04:00', '', 'Lennon and McCartney'),
(81, 6, 1, 'Wait', '04:00', '', 'Lennon and McCartney'),
(82, 6, 1, 'If I Needed Someone', '04:00', '', 'Harrison'),
(83, 6, 1, 'Run For Your Life', '04:00', '', 'Lennon'),
(84, 7, 1, 'Taxman', '04:00', '', 'Harrison'),
(85, 7, 1, 'Eleanor Rigby', '04:00', '', 'McCartney'),
(86, 7, 1, 'I''m Only Sleeping', '04:00', '', 'Lennon'),
(87, 7, 1, 'Love You Too', '04:00', '', 'Harrison'),
(88, 7, 1, 'Here, There and Everywhere', '04:00', '', 'McCartney'),
(89, 7, 1, 'Yellow Submarine', '04:00', '', 'Starr'),
(90, 7, 1, 'She Said She Said', '04:00', '', 'Lennon'),
(91, 7, 1, 'Good Day Sunshine', '04:00', '', 'McCartney'),
(92, 7, 1, 'And Your Bird Can Sing', '04:00', '', 'Lennon'),
(93, 7, 1, 'For No One', '04:00', '', 'McCartney'),
(94, 7, 1, 'Doctor Robert', '04:00', '', 'Lennon'),
(95, 7, 1, 'I Want To Tell You', '04:00', '', 'Harrison'),
(96, 7, 1, 'Got To Get You Into My Life', '04:00', '', 'McCartney'),
(97, 7, 1, 'Tomorrow Never Knows', '04:00', '', 'Lennon'),
(98, 8, 1, 'Sgt. Pepper''s Lonely Hearts Club Band', '04:00', '', 'McCartney'),
(99, 8, 1, 'With A Little Help From My Friends', '04:00', '', 'Starr'),
(100, 8, 1, 'Lucy In The Sky With Diamonds', '04:00', '', 'Lennon'),
(101, 8, 1, 'Getting Better', '04:00', '', 'McCartney'),
(102, 8, 1, 'Fixing a Hole', '04:00', '', 'McCartney'),
(103, 8, 1, 'She''s Leaving Home', '04:00', '', 'McCartney and Lennon'),
(104, 8, 1, 'Being for the Benefit of Mr. Kite', '04:00', '', 'Lennon'),
(105, 8, 1, 'Within You Without You', '04:00', '', 'Harrison'),
(106, 8, 1, 'When I''m Sixty Four', '04:00', '', 'McCartney'),
(107, 8, 1, 'Lovely Rita', '04:00', '', 'McCartney'),
(108, 8, 1, 'Good Morning Good Morning', '04:00', '', 'Lennon'),
(109, 8, 1, 'Sgt. Pepper''s Lonely Hearts Club Band (reprise)', '04:00', '', 'McCartney'),
(110, 8, 1, 'A Day In The Life', '04:00', '', 'Lennon and McCartney'),
(111, 9, 1, 'Back In The U.S.S.R', '04:00', '', 'McCartney'),
(112, 9, 1, 'Dear Prudence', '04:00', '', 'Lennon'),
(113, 9, 1, 'Glass Onion', '04:00', '', 'Lennon'),
(114, 9, 1, 'Ob La Di Ob La Da', '04:00', '', 'McCartney'),
(115, 9, 1, 'Wild Honey Pie', '04:00', '', 'McCartney'),
(116, 9, 1, 'The Continuing Story Of Bungalow Bill', '04:00', '', 'Lennon'),
(117, 9, 1, 'While My Guitar Gently Weeps', '04:00', '', 'Harrison'),
(118, 9, 1, 'Happiness Is A Warm Gun', '04:00', '', 'Lennon'),
(119, 9, 1, 'Martha My Dear', '04:00', '', 'McCartney'),
(120, 9, 1, 'I''m So Tired', '04:00', '', 'Lennon'),
(121, 9, 1, 'Blackbird', '04:00', '', 'McCartney'),
(122, 9, 1, 'Piggies', '04:00', '', 'Harrison'),
(123, 9, 1, 'Rocky Raccoon', '04:00', '', 'McCartney'),
(124, 9, 1, 'Don''t Pass Me By', '04:00', '', 'Starr'),
(125, 9, 1, 'Why Don''t We Do It In The Road?', '04:00', '', 'McCartney'),
(126, 9, 1, 'I Will', '04:00', '', 'McCartney'),
(127, 9, 1, 'Julia', '04:00', '', 'Lennon'),
(128, 9, 1, 'Birthday', '04:00', '', 'Lennon'),
(129, 9, 1, 'Yer Blues', '04:00', '', 'Lennon'),
(130, 9, 1, 'Mother Nature''s Son', '04:00', '', 'McCartney'),
(131, 9, 1, 'Everybody''s Got Something to Hide Except Me and My Monkey', '04:00', '', 'Lennon'),
(132, 9, 1, 'Sexy Sadie', '04:00', '', 'Lennon'),
(133, 9, 1, 'Helter Skelter', '04:00', '', 'McCartney'),
(134, 9, 1, 'Long Long Long', '04:00', '', 'Harrison'),
(135, 9, 1, 'Revolution 1', '04:00', '', 'Lennon'),
(136, 9, 1, 'Honey Pie', '04:00', '', 'McCartney'),
(137, 9, 1, 'Savoy Truffle', '04:00', '', 'Harrison'),
(138, 9, 1, 'Cry Baby Cry', '04:00', '', 'Lennon and McCartney'),
(139, 9, 1, 'Revolution 9', '04:00', '', 'Lennon, Harrison, Yoko'),
(140, 9, 1, 'Good Night', '04:00', '', 'Starr'),
(141, 10, 1, 'Yellow Submarine', '04:00', '', 'Starr'),
(142, 10, 1, 'Only A Northern Song', '04:00', '', 'Harrison'),
(143, 10, 1, 'All Together Now', '04:00', '', 'McCartney and Lennon'),
(144, 10, 1, 'Hey Bulldog', '04:00', '', 'Lennon and McCartney'),
(145, 10, 1, 'It''s All Too Much', '04:00', '', 'Harrison'),
(146, 10, 1, 'All You Need Is Love', '04:00', '', 'Lennon'),
(147, 10, 1, 'Pepperland', '04:00', '', NULL),
(148, 10, 1, 'Sea of Time', '04:00', '', NULL),
(149, 10, 1, 'Sea of Holes', '04:00', '', NULL),
(150, 10, 1, 'Sea of Monsters', '04:00', '', NULL),
(151, 10, 1, 'March of the Meanies', '04:00', '', NULL),
(152, 10, 1, 'Pepperland Laid Waste', '04:00', '', NULL),
(153, 10, 1, 'Yellow Submarine in Pepperland', '04:00', '', 'Lennon and McCartney'),
(154, 11, 1, 'Come Together', '04:00', '', 'Lennon'),
(155, 11, 1, 'Something', '04:00', '', 'Harrison'),
(156, 11, 1, 'Maxwell''s Silver Hammer', '04:00', '', 'McCartney'),
(157, 11, 1, 'Oh! Darling', '04:00', '', 'McCartney'),
(159, 11, 1, 'Octopus''s Garden', '04:00', '', 'Starr'),
(160, 11, 1, 'I Want You (She''s So Heavy)', '04:00', '', 'Lennon'),
(161, 11, 1, 'Here Comes The Sun', '04:00', '', 'Harrison'),
(162, 11, 1, 'Because', '04:00', '', 'Lennon, McCartney and Harrison'),
(163, 11, 1, 'You Never Give Me Your Money', '04:00', '', 'McCartney'),
(164, 11, 1, 'Sun King', '04:00', '', 'Lennon, McCartney and Harrison'),
(165, 11, 1, 'Mean Mr. Mustard', '04:00', '', 'Lennon'),
(166, 11, 1, 'Polythene Pam', '04:00', '', 'Lennnon'),
(167, 11, 1, 'She Came in Through the Bathroom Window', '04:00', '', 'McCartney'),
(168, 11, 1, 'Golden Slumbers', '04:00', '', 'McCartney'),
(169, 11, 1, 'Carry That Weight', '04:00', '', 'McCartney, Lennon, Harrison and Starr'),
(170, 11, 1, 'The End', '04:00', '', 'McCartney'),
(171, 11, 1, 'Her Majesty', '04:00', '', 'McCartney'),
(172, 36, 1, 'Can''t Buy Me Love', '04:00', '', NULL),
(173, 36, 1, 'I Should Have Known Better', '04:00', '', NULL),
(174, 36, 1, 'Paperback Writer', '04:00', '', NULL),
(175, 36, 1, 'Rain', '04:00', '', NULL),
(176, 36, 1, 'Lady Madonna', '04:00', '', NULL),
(177, 36, 1, 'Revolution', '04:00', '', NULL),
(178, 36, 1, 'Hey Jude', '04:00', '', NULL),
(179, 36, 1, 'Old Brown Shoe', '04:00', '', 'Harrison'),
(180, 36, 1, 'Don''t Let Me Down', '04:00', '', NULL),
(181, 36, 1, 'The Ballad of John and Yoko', '04:00', '', NULL),
(182, 12, 1, 'Two Of Us', '04:00', '', 'McCartney and Lennon'),
(183, 12, 1, 'Dig A Pony', '04:00', '', 'Lennon'),
(184, 12, 1, 'Across the Universe', '04:00', '', 'Lennon'),
(185, 12, 1, 'I Me Mine', '04:00', '', 'Harrison'),
(186, 12, 1, 'Dig It', '04:00', '', 'Lennon'),
(187, 12, 1, 'Let It Be', '04:00', '', 'Lennon'),
(188, 12, 1, 'Maggie Mae', '04:00', '', 'Lennon and McCartney'),
(189, 12, 1, 'I''ve Got A Feeling', '04:00', '', 'McCartney'),
(190, 12, 1, 'One After 909', '04:00', '', 'Lennon and McCartney'),
(191, 12, 1, 'The Long and Winding Road', '04:00', '', 'McCartney'),
(192, 12, 1, 'For You Blue', '04:00', '', 'Harrison'),
(193, 12, 1, 'Get Back', '04:00', '', 'McCartney'),
(194, 13, 2, 'Split Personality', '04:00', '', 'Pink'),
(195, 13, 2, 'Hell Wit Ya', '04:00', '', 'Pink'),
(196, 13, 2, 'Most Girls', '04:00', '', 'Pink'),
(197, 13, 2, 'There You Go', '04:00', '', 'Pink'),
(198, 13, 2, 'You Make Me Sick', '04:00', '', 'Pink'),
(199, 13, 2, 'Let Me Let You Know', '04:00', '', 'Pink'),
(200, 13, 2, 'Love Is Such A Crazy Thing', '04:00', '', 'Pink'),
(201, 13, 2, 'Private Show', '04:00', '', 'Pink'),
(202, 13, 2, 'Can''t Take Me Home', '04:00', '', 'Pink'),
(203, 13, 2, 'Stop Falling', '04:00', '', 'Pink'),
(204, 13, 2, 'Do What U Do', '04:00', '', 'Pink'),
(205, 13, 2, 'Hiccup', '04:00', '', 'Pink'),
(206, 13, 2, 'Is It Love', '04:00', '', 'Pink'),
(207, 14, 2, 'M!ssundaztood', '04:00', '', 'Pink'),
(208, 14, 2, 'Don''t Let Me Get Me', '04:00', '', 'Pink'),
(209, 14, 2, 'Just Like A Pill', '04:00', '', 'Pink'),
(210, 14, 2, 'Get The Party Started', '04:00', '', 'Pink'),
(211, 14, 2, 'Respect', '04:00', '', 'Pink'),
(212, 14, 2, '18 Wheeler', '07:00', 'Sleep Away.mp3', 'Pink'),
(213, 14, 2, 'Family Portrait', '04:00', '', 'Pink'),
(214, 14, 2, 'Misery', '04:00', '', 'Pink'),
(215, 14, 2, 'Dear Diary', '04:00', '', 'Pink'),
(216, 14, 2, 'Eventually', '04:00', '', 'Pink'),
(217, 14, 2, 'Lonely Girl', '04:00', '', 'Pink'),
(218, 14, 2, 'Numb', '04:00', '', 'Pink'),
(219, 14, 2, 'Gone To California', '04:00', '', 'Pink'),
(220, 14, 2, 'My Vietnam', '04:00', '', 'Pink'),
(221, 15, 2, 'Trouble', '04:00', '', 'Pink'),
(222, 15, 2, 'God Is A DJ', '04:00', '', 'Pink'),
(223, 15, 2, 'Last To Know', '04:00', '', 'Pink'),
(224, 15, 2, 'Tonight''s the Night', '04:00', '', 'Pink'),
(225, 15, 2, 'Oh My God', '04:00', '', 'Pink'),
(226, 15, 2, 'Catch Me While I''m Sleeping', '04:00', '', 'Pink'),
(227, 15, 2, 'Waiting for Love', '04:00', '', 'Pink'),
(228, 15, 2, 'Save My Life', '04:00', '', 'Pink'),
(229, 15, 2, 'Try Too Hard', '04:00', '', 'Pink'),
(230, 15, 2, 'Humble Neighborhoods', '04:00', '', 'Pink'),
(231, 15, 2, 'Walk Away', '04:00', '', 'Pink'),
(232, 15, 2, 'Unwind', '04:00', '', 'Pink'),
(233, 15, 2, 'Feel Good Time', '04:00', '', 'Pink'),
(234, 15, 2, 'Love Song', '04:00', '', 'Pink'),
(235, 16, 2, 'Stupid Girls', '04:00', '', 'Pink'),
(236, 16, 2, 'Who Knew', '04:00', '', 'Pink'),
(237, 16, 2, 'Long Way To Happy', '04:00', '', 'Pink'),
(238, 16, 2, 'Nobody Knows', '04:00', '', 'Pink'),
(239, 16, 2, 'Dear Mr. President', '04:00', '', 'Pink'),
(240, 16, 2, 'I''m Not Dead', '04:00', '', 'Pink'),
(241, 16, 2, 'Cuz I Can', '04:00', '', 'Pink'),
(242, 16, 2, 'Leave Me Alone (I''m Lonely)', '04:00', '01 Ya da One.mp3', 'Pink'),
(243, 16, 2, 'U and Ur Hand', '04:00', '03 We Found Love (feat. Calvin Harri.mp3', 'Pink'),
(244, 16, 2, 'Runaway', '04:00', '04 Talk That Talk (Feat. JAY Z).mp3', 'Pink'),
(245, 16, 2, 'The One That Got Away', '04:00', '05 Cockiness (Love It).mp3', 'Pink'),
(246, 16, 2, 'I Got Money Now', '04:00', '06 Birthday Cake', 'Pink'),
(247, 16, 2, 'Conversations With My 13 Year Old Self', '04:00', '07 We All Want Love.mp3', 'Pink'),
(248, 16, 2, 'I Have Seen The Rain', '04:00', '08 Drunk On Love.mp3', 'Pink'),
(249, 16, 2, 'Fingers', '04:00', '09 Roc Me Out.mp3', 'Pink'),
(250, 17, 2, 'So What', '04:00', '10 Watch n'' Learn.mp3', 'Pink'),
(251, 17, 2, 'Sober', '04:00', '11 Farewell.mp3', 'Pink'),
(252, 17, 2, 'I Don''t Believe You', '04:00', '', 'Pink'),
(253, 17, 2, 'One Foot Wrong', '04:00', '', 'Pink'),
(254, 17, 2, 'Please Don''t Leave Me', '04:00', '', 'Pink'),
(255, 17, 2, 'Bad Influence', '04:00', '', 'Pink'),
(256, 17, 2, 'Funhouse', '04:00', '', 'Pink'),
(257, 17, 2, 'Crystal Ball', '04:00', '', 'Pink'),
(258, 17, 2, 'Mean', '04:00', '', 'Pink'),
(259, 17, 2, 'It''s All Your Fault', '04:00', '', 'Pink'),
(260, 17, 2, 'Ave Mary A', '04:00', '', 'Pink'),
(261, 17, 2, 'Glitter In The Air', '04:00', '', 'Pink'),
(262, 18, 3, 'Burn', '04:00', '', 'Adam Gontier'),
(263, 18, 3, 'Just Like You', '04:00', '', 'Adam Gontier'),
(264, 18, 3, 'I Hate Everything About You', '04:00', '', 'Adam Gontier'),
(265, 18, 3, 'Home', '04:00', '', 'Adam Gontier'),
(266, 18, 3, 'Scared', '04:00', '', 'Adam Gontier'),
(267, 18, 3, 'Let You Down', '04:00', '', 'Adam Gontier'),
(268, 18, 3, 'Now Or Never', '04:00', '', 'Adam Gontier'),
(269, 18, 3, 'Born Like This', '04:00', '', 'Adam Gontier'),
(270, 18, 3, 'Drown', '04:00', '', 'Adam Gontier'),
(271, 18, 3, 'Wake Up', '04:00', '', 'Adam Gontier'),
(272, 18, 3, 'Take Me Under', '04:00', '', 'Adam Gontier'),
(273, 18, 3, 'Overrated', '04:00', '', 'Adam Gontier'),
(274, 19, 3, 'It''s All Over', '04:00', '', 'Adam Gontier'),
(275, 19, 3, 'Pain', '04:00', '', 'Adam Gontier'),
(276, 19, 3, 'Animal I Have Become', '04:00', '', 'Adam Gontier'),
(277, 19, 3, 'Never Too Late', '04:00', '', 'Adam Gontier'),
(278, 19, 3, 'On My Own', '04:00', '', 'Adam Gontier'),
(279, 19, 3, 'Riot', '04:00', '', 'Adam Gontier'),
(280, 19, 3, 'Get Out Alive', '04:00', '', 'Adam Gontier'),
(281, 19, 3, 'Let It Die', '04:00', '', 'Adam Gontier'),
(282, 19, 3, 'Over and Over', '04:00', '', 'Adam Gontier'),
(283, 19, 3, 'Time of Dying', '04:00', '', 'Adam Gontier'),
(284, 19, 3, 'Gone Forever', '04:00', '', 'Adam Gontier'),
(285, 19, 3, 'One X', '04:00', '', 'Adam Gontier'),
(286, 19, 3, 'Running Away', '04:00', '', 'Adam Gontier'),
(287, 20, 3, 'Bitter Taste', '04:00', '', 'Adam Gontier'),
(288, 20, 3, 'Break', '04:00', '', 'Adam Gontier'),
(289, 20, 3, 'World So Cold', '04:00', '', 'Adam Gontier'),
(290, 20, 3, 'Lost In You', '04:00', '', 'Adam Gontier'),
(291, 20, 3, 'The Good Life', '04:00', '', 'Adam Gontier'),
(292, 20, 3, 'No More', '04:00', '', 'Adam Gontier'),
(293, 20, 3, 'Last To Know', '04:00', '', 'Adam Gontier'),
(294, 20, 3, 'Someone Who Cares', '04:00', '', 'Adam Gontier'),
(295, 20, 3, 'Bully', '04:00', '', 'Adam Gontier'),
(296, 20, 3, 'Without You', '04:00', '', 'Adam Gontier'),
(297, 20, 3, 'Goin'' Down', '04:00', '', 'Adam Gontier'),
(298, 20, 3, 'Life Starts Now', '04:00', '', 'Adam Gontier'),
(299, 21, 4, 'Don''t Cha', '04:00', '', 'Nicole Scherzinger'),
(300, 21, 4, 'Beep', '04:00', '', 'Nicole Scherzinger ft. Will I Am'),
(301, 21, 4, 'Wait A Minute', '04:00', '', 'Nicole Scherzinger ft. Timbaland'),
(302, 21, 4, 'Stickwitu', '04:00', '', 'Nicole Scherzinger'),
(303, 21, 4, 'Buttons', '04:00', '', 'Nicole Scherzinger ft. Snoop Dog'),
(304, 21, 4, 'I Don''t Need A Man', '04:00', '', 'Nicole Scherzinger'),
(305, 21, 4, 'Hot Stuff (I Want You Back)', '04:00', '', 'Nicole Scherzinger'),
(306, 21, 4, 'How Many Times, How Many Lies', '04:00', '', 'Nicole Scherzinger'),
(307, 21, 4, 'Bite The Dust', '04:00', '', 'Nicole Scherzinger'),
(308, 21, 4, 'Right Now', '04:00', '', 'Nicole Scherzinger'),
(309, 21, 4, 'Tainted Love (Where Did Our Love Go)', '04:00', '', 'Nicole Scherzinger'),
(310, 21, 4, 'Feeling Good', '04:00', '', 'Nicole Scherzinger'),
(311, 22, 4, 'When I Grow Up', '04:00', '', 'Nicole Scherzinger'),
(312, 22, 4, 'Bottle Pop', '04:00', '', 'Nicole Scherzinger'),
(313, 22, 4, 'Watcha Think About That', '04:00', '', 'Nicole Scherzinger'),
(314, 22, 4, 'I Hate This Part', '04:00', '', 'Nicole Scherzinger'),
(315, 22, 4, 'Takin'' Over The World', '04:00', '', 'Nicole Scherzinger'),
(316, 22, 4, 'Out Of This Club', '04:00', '', 'Nicole Scherzinger'),
(317, 22, 4, 'Who''s Gonna Love You', '04:00', '', 'Nicole Scherzinger'),
(318, 22, 4, 'Happily Never After', '04:00', '', 'Nicole Scherzinger'),
(319, 22, 4, 'Magic', '04:00', '', 'Nicole Scherzinger'),
(320, 22, 4, 'Halo', '04:00', '', 'Nicole Scherzinger'),
(321, 22, 4, 'In Person', '04:00', '', 'Nicole Scherzinger'),
(322, 22, 4, 'Elevator', '04:00', '', 'Nicole Scherzinger'),
(323, 22, 4, 'Hush Hush', '04:00', '', 'Nicole Scherzinger'),
(324, 22, 4, 'Love the Way You Love Me', '04:00', '', 'Nicole Scherzinger'),
(325, 22, 4, 'Watchamacallit', '04:00', '', 'Nicole Scherzinger'),
(326, 22, 4, 'I''m Done', '04:00', '', 'Nicole Scherzinger'),
(327, 23, 5, 'Runaway', '04:00', '', 'Jon Bon Jovi'),
(328, 23, 5, 'Roulette', '04:00', '', 'Jon Bon Jovi'),
(329, 23, 5, 'She Don''t Know Me', '04:00', '', 'Jon Bon Jovi'),
(330, 23, 5, 'Shot Through The Heart', '04:00', '', 'Jon Bon Jovi'),
(331, 23, 5, 'Love Lies', '04:00', '', 'Jon Bon Jovi'),
(332, 23, 5, 'Breakout', '04:00', '', 'Jon Bon Jovi'),
(333, 23, 5, 'Burning for Love', '04:00', '', 'Jon Bon Jovi'),
(334, 23, 5, 'Come Back', '04:00', '', 'Jon Bon Jovi'),
(335, 23, 5, 'Get Ready', '04:00', '', 'Jon Bon Jovi'),
(336, 24, 5, 'In and Out Of Love', '04:00', '', 'Jon Bon Jovi'),
(337, 24, 5, 'The Price of Love', '04:00', '', 'Jon Bon Jovi'),
(338, 24, 5, 'Only Lonely', '04:00', '', 'Jon Bon Jovi'),
(339, 24, 5, 'King of the Mountain', '04:00', '', 'Jon Bon Jovi'),
(340, 24, 5, 'Silent Night', '04:00', '', 'Jon Bon Jovi'),
(341, 24, 5, 'Tokyo Road', '04:00', '', 'Jon Bon Jovi'),
(342, 24, 5, 'The Hardest Part Is The Night', '04:00', '', 'Jon Bon Jovi'),
(343, 24, 5, 'Always Run to You', '04:00', '', 'Jon Bon Jovi'),
(344, 24, 5, '(I Don''t Wanna Fall)To The Fire', '04:00', '', 'Jon Bon Jovi'),
(345, 24, 5, 'Secret Dreams', '04:00', '', 'Jon Bon Jovi'),
(346, 25, 5, 'Let It Rock', '04:00', '', 'Jon Bon Jovi'),
(347, 25, 5, 'You Give Love A Bad Name', '04:00', '', 'Jon Bon Jovi'),
(348, 25, 5, 'Livin'' On A Prayer', '04:00', '', 'Jon Bon Jovi'),
(349, 25, 5, 'Social Disease', '04:00', '', 'Jon Bon Jovi'),
(350, 25, 5, 'Wanted Dead or Alive', '04:00', '', 'Jon Bon Jovi'),
(351, 25, 5, 'Raise Your Hands', '04:00', '', 'Jon Bon Jovi'),
(352, 25, 5, 'Without Love', '04:00', '', 'Jon Bon Jovi'),
(353, 25, 5, 'I''d Die For You', '04:00', '', 'Jon Bon Jovi'),
(354, 25, 5, 'Never Say Goodbye', '04:00', '', 'Jon Bon Jovi'),
(355, 25, 5, 'Wild in the Streets', '04:00', '', 'Jon Bon Jovi'),
(356, 26, 5, 'Lay Your Hands On Me', '04:00', '', 'Jon Bon Jovi'),
(357, 26, 5, 'Bad Medicine', '04:00', '', 'Jon Bon Jovi'),
(358, 26, 5, 'Born To Be My Baby', '04:00', '', 'Jon Bon Jovi'),
(359, 26, 5, 'Living in Sin', '04:00', '', 'Jon Bon Jovi'),
(360, 26, 5, 'Blood on Blood', '04:00', '', 'Jon Bon Jovi'),
(361, 26, 5, 'Homebound Train', '04:00', '', 'Jon Bon Jovi'),
(362, 26, 5, 'Wild Is The Wind', '04:00', '', 'Jon Bon Jovi'),
(363, 26, 5, 'Ride Cowboy Ride', '04:00', '', 'Jon Bon Jovi'),
(364, 26, 5, 'Stick To Your Guns', '04:00', '', 'Jon Bon Jovi'),
(365, 26, 5, 'I''ll Be There For You', '04:00', '', 'Jon Bon Jovi'),
(366, 26, 5, '99 In The Shade', '04:00', '', 'Jon Bon Jovi'),
(367, 26, 5, 'Love for Sale', '04:00', '', 'Jon Bon Jovi'),
(368, 27, 5, 'I Believe', '04:00', '', 'Jon Bon Jovi'),
(369, 27, 5, 'Keep The Faith', '04:00', '', 'Jon Bon Jovi'),
(370, 27, 5, 'I''ll Sleep When I''m Dead', '04:00', '', 'Jon Bon Jovi'),
(371, 27, 5, 'In These Arms', '04:00', '', 'Jon Bon Jovi'),
(372, 27, 5, 'Bed Of Roses', '04:00', '', 'Jon Bon Jovi'),
(373, 27, 5, 'If I Was Your Mother', '04:00', '', 'Jon Bon Jovi'),
(374, 27, 5, 'Dry Country', '04:00', '', 'Jon Bon Jovi'),
(375, 27, 5, 'Woman in Love', '04:00', '', 'Jon Bon Jovi'),
(376, 27, 5, 'Fear', '04:00', '', 'Jon Bon Jovi'),
(377, 27, 5, 'I Want You', '04:00', '', 'Jon Bon Jovi'),
(378, 27, 5, 'Blame It on the Love of Rock and Roll', '04:00', '', 'Jon Bon Jovi'),
(379, 27, 5, 'Little Bit of Soul', '04:00', '', 'Jon Bon Jovi'),
(380, 27, 5, 'Save a Prayer', '04:00', '', 'Jon Bon Jovi'),
(381, 27, 5, 'Starting All Over Again', '04:00', '', 'Jon Bon Jovi'),
(399, 28, 5, '(It''s Hard) Letting You Go', '04:00', '', 'Jon Bon Jovi'),
(398, 28, 5, 'My Guitar Lies Bleeding in My Arms', '04:00', '', 'Jon Bon Jovi'),
(397, 28, 5, 'Damned', '04:00', '', 'Jon Bon Jovi'),
(396, 28, 5, 'Lie To Me', '04:00', '', 'Jon Bon Jovi'),
(395, 28, 5, 'These Days', '04:00', '', 'Jon Bon Jovi'),
(394, 28, 5, 'This Ain''t A Love Song', '04:00', '', 'Jon Bon Jovi'),
(393, 28, 5, 'Something for the Pain', '04:00', '', 'Jon Bon Jovi'),
(392, 28, 5, 'Hey God', '04:00', '', 'Jon Bon Jovi'),
(400, 28, 5, 'Hearts Breaking Even', '04:00', '', 'Jon Bon Jovi'),
(401, 28, 5, 'Something to Believe In', '04:00', '', 'Jon Bon Jovi'),
(402, 28, 5, 'If That''s What It Takes', '04:00', '', 'Jon Bon Jovi'),
(403, 28, 5, 'Diamond Ring', '04:00', '', 'Jon Bon Jovi'),
(404, 28, 5, 'All I Want Is Everything', '04:00', '', 'Jon Bon Jovi'),
(405, 28, 5, 'Bitter Wine', '04:00', '', 'Jon Bon Jovi'),
(406, 29, 5, 'It''s My Life', '04:00', '', 'Jon Bon Jovi'),
(407, 29, 5, 'Say It Isn''t So', '04:00', '', 'Jon Bon Jovi'),
(408, 29, 5, 'Thank You For Loving Me', '04:00', '', 'Jon Bon Jovi'),
(409, 29, 5, 'Two Story Town', '04:00', '', 'Jon Bon Jovi'),
(410, 29, 5, 'Next 100 Years', '04:00', '', 'Jon Bon Jovi'),
(411, 29, 5, 'Just Older', '04:00', '', 'Jon Bon Jovi'),
(412, 29, 5, 'Mystery Train', '04:00', '', 'Jon Bon Jovi'),
(413, 29, 5, 'Save the World', '04:00', '', 'Jon Bon Jovi'),
(414, 29, 5, 'Captain Crash and the Beauty Queen From Mars', '04:00', '', 'Jon Bon Jovi'),
(415, 29, 5, 'She''s A Mystery', '04:00', '', 'Jon Bon Jovi'),
(416, 29, 5, 'I Got the Girl', '04:00', '', 'Jon Bon Jovi'),
(417, 29, 5, 'One Wild Night', '04:00', '', 'Jon Bon Jovi'),
(418, 29, 5, 'I Could Make a Living Out Of Lovin'' You', '04:00', '', 'Jon Bon Jovi'),
(419, 29, 5, 'Neurotica', '04:00', '', 'Jon Bon Jovi'),
(420, 30, 5, 'Undivided', '04:00', '', 'Jon Bon Jovi'),
(421, 30, 5, 'Everyday', '04:00', '', 'Jon Bon Jovi'),
(422, 30, 5, 'The Distance', '04:00', '', 'Jon Bon Jovi'),
(423, 30, 5, 'Joey', '04:00', '', 'Jon Bon Jovi'),
(424, 30, 5, 'Misunderstood', '04:00', '', 'Jon Bon Jovi'),
(425, 30, 5, 'All About Lovin'' You', '04:00', '', 'Jon Bon Jovi'),
(426, 30, 5, 'Hook Me Up', '04:00', '', 'Jon Bon Jovi'),
(427, 30, 5, 'Right Side Of Wrong', '04:00', '', 'Jon Bon Jovi'),
(428, 30, 5, 'Love Me Back To Life', '04:00', '', 'Jon Bon Jovi'),
(429, 30, 5, 'You Had Me From Hello', '04:00', '', 'Jon Bon Jovi'),
(430, 30, 5, 'Bounce', '04:00', '', 'Jon Bon Jovi'),
(431, 30, 5, 'Open All Night', '04:00', '', 'Jon Bon Jovi'),
(432, 31, 5, 'Have A Nice Day', '04:00', '', 'Jon Bon Jovi'),
(433, 31, 5, 'I Want to be Loved', '04:00', '', 'Jon Bon Jovi'),
(434, 31, 5, 'Welcome to Wherever You Are', '04:00', '', 'Jon Bon Jovi'),
(435, 31, 5, 'Who Says You Can''t Go Home', '04:00', '', 'Jon Bon Jovi'),
(436, 31, 5, 'Last Man Standing', '04:00', '', 'Jon Bon Jovi'),
(437, 31, 5, 'Bells of Freedom', '04:00', '', 'Jon Bon Jovi'),
(438, 31, 5, 'Wildflower', '04:00', '', 'Jon Bon Jovi'),
(439, 31, 5, 'Last Cigarette', '04:00', '', 'Jon Bon Jovi'),
(440, 31, 5, 'I Am', '04:00', '', 'Jon Bon Jovi'),
(441, 31, 5, 'Complicated', '04:00', '', 'Jon Bon Jovi'),
(442, 31, 5, 'Novocaine', '04:00', '', 'Jon Bon Jovi'),
(443, 31, 5, 'Story of My Life', '04:00', '', 'Jon Bon Jovi'),
(444, 31, 5, 'Who Says You Can''t Go Home (Duet)', '04:00', '', 'Jon Bon Jovi'),
(445, 32, 5, 'Lost Highway', '04:00', '', 'Jon Bon Jovi'),
(446, 32, 5, 'Summertime', '04:00', '', 'Jon Bon Jovi'),
(447, 32, 5, '(You Want To)Make A Memory', '04:00', '', 'Jon Bon Jovi'),
(448, 32, 5, 'Whole Lot Of Leavin''', '04:00', '', 'Jon Bon Jovi'),
(449, 32, 5, 'We Got It Going On', '04:00', '', 'Jon Bon Jovi'),
(450, 32, 5, 'Any Other Day', '04:00', '', 'Jon Bon Jovi'),
(451, 32, 5, 'Seat Next To You', '04:00', '', 'Jon Bon Jovi'),
(452, 32, 5, 'Everybody''s Broken', '04:00', '', 'Jon Bon Jovi'),
(453, 32, 5, '''Till We Ain''t Strangers Anymore', '04:00', '', 'Jon Bon Jovi'),
(454, 32, 5, 'The Last Night', '04:00', '', 'Jon Bon Jovi'),
(455, 32, 5, 'One Step Closer', '04:00', '', 'Jon Bon Jovi'),
(456, 32, 5, 'I Love This Town', '04:00', '', 'Jon Bon Jovi'),
(457, 33, 5, 'We Weren''t Born To Follow', '04:00', '', 'Jon Bon Jovi'),
(458, 33, 5, 'When We Were Beautiful', '04:00', '', 'Jon Bon Jovi'),
(459, 33, 5, 'Work for the Working Man', '04:00', '', 'Jon Bon Jovi'),
(460, 33, 5, 'Superman Tonight', '04:00', '', 'Jon Bon Jovi'),
(461, 33, 5, 'Bullet', '04:00', '', 'Jon Bon Jovi'),
(462, 33, 5, 'Thorn in My Side', '04:00', '', 'Jon Bon Jovi'),
(463, 33, 5, 'Live Before You Die', '04:00', '', 'Jon Bon Jovi'),
(464, 33, 5, 'Broken Promise Land', '04:00', '', 'Jon Bon Jovi'),
(465, 33, 5, 'Love''s the Only Rule', '04:00', '', 'Jon Bon Jovi'),
(466, 33, 5, 'Fast Cars', '04:00', '', 'Jon Bon Jovi'),
(467, 33, 5, 'Happy Now', '04:00', '', 'Jon Bon Jovi'),
(468, 33, 5, 'Learn to Love', '04:00', '', 'Jon Bon Jovi'),
(469, 34, 5, 'Billy Get Your Guns', '04:00', '', 'Jon Bon Jovi'),
(470, 34, 5, 'Miracle', '04:00', '', 'Jon Bon Jovi'),
(471, 34, 5, 'Blaze of Glory', '04:00', '', 'Jon Bon Jovi'),
(472, 34, 5, 'Blood Money', '04:00', '', 'Jon Bon Jovi'),
(473, 34, 5, 'Sante Fe', '04:00', '', 'Jon Bon Jovi'),
(474, 34, 5, 'Justice in the Barrel', '04:00', '', 'Jon Bon Jovi'),
(475, 34, 5, 'Never Say Die', '04:00', '', 'Jon Bon Jovi'),
(476, 34, 5, 'You Really Got Me Now', '04:00', '', 'Jon Bon Jovi'),
(477, 34, 5, 'Bang a Drum', '04:00', '', 'Jon Bon Jovi'),
(478, 34, 5, 'Dyin'' Ain''t Much of a Livin''', '04:00', '', 'Jon Bon Jovi'),
(479, 34, 5, 'Guano City', '04:00', '', 'Jon Bon Jovi'),
(480, 35, 5, 'Queen of New Orleans', '04:00', '', 'Jon Bon Jovi'),
(481, 35, 5, 'Janie, Don''t Take Your Love to Town', '04:00', '', 'Jon Bon Jovi'),
(482, 35, 5, 'Midnight in Chelsea', '04:00', '', 'Jon Bon Jovi'),
(483, 35, 5, 'Ugly', '04:00', '', 'Jon Bon Jovi'),
(484, 35, 5, 'Staring at Your Window with a Suitcase in My Hand', '04:00', '', 'Jon Bon Jovi'),
(485, 35, 5, 'Every Word Was a Piece of My Heart', '04:00', '', 'Jon Bon Jovi'),
(486, 35, 5, 'It''s Just Me', '04:00', '', 'Jon Bon Jovi'),
(487, 35, 5, 'Destination Anywhere', '04:00', '', 'Jon Bon Jovi'),
(488, 35, 5, 'Learning How to Fall', '04:00', '', 'Jon Bon Jovi'),
(489, 35, 5, 'Naked', '04:00', '', 'Jon Bon Jovi'),
(490, 35, 5, 'Little City', '04:00', '', 'Jon Bon Jovi'),
(491, 35, 5, 'August 7, 4:15', '04:00', '', 'Jon Bon Jovi'),
(492, 35, 5, 'Cold Hard Heart (Demo)', '04:00', '', 'Jon Bon Jovi');
